PATIENT_ID,FIRST_NAME,MIDDLE_NAME,LAST_NAME,SSN,MR_NUMBER,DL_NUMBER,PASSPORT_NUMBER,GENDER,BIRTH_DATE,AGE,PATIENT_ADDRESS,CITY,POSTAL_CODE,COUNTRY,MSISDN,MARITAL_STATUS
d02d6a39-cbad-f7ea-870a-b4f2c6417ea4,Aleta Leonia,Leonia,Bernier,999-66-8463,d02d6a39-cbad-f7ea-870a-b4f2c6417ea4,S99926724,X81641539X,female,1946-12-08,78,549 Terry Wynd Apt 52,Fitchburg,01420,US,555-194-8162,Divorced
b6434e12-d48f-c9f1-7738-6fb5282c74f1,Adah Shizue,Shizue,VonRueden,999-31-2271,b6434e12-d48f-c9f1-7738-6fb5282c74f1,S99918478,X12689292X,female,1958-01-16,66,303 Gerlach Village Apt 46,Newton,02472,US,555-526-9973,Never Married
5d45e219-8b8b-5298-3646-a50b0e3743b3,Ariel,Unknown,Littel,999-50-2116,5d45e219-8b8b-5298-3646-a50b0e3743b3,Unknown,Unknown,female,1960-11-07,64,1093 Mertz Extension Suite 87,East Douglas,01516,US,555-656-9146,Never Married
800a79f1-947d-c6e1-b37b-c89e42844ae9,Ayana Manie,Manie,Nolan,999-80-8274,800a79f1-947d-c6e1-b37b-c89e42844ae9,S99941282,X31040338X,female,1945-07-21,79,588 Hammes Club,Bridgewater,02324,US,555-757-6182,Never Married
7e888e03-f8f7-a058-29b8-361967a2d81d,Augustine,Unknown,Jakubowski,999-87-6179,7e888e03-f8f7-a058-29b8-361967a2d81d,S99950573,X62076956X,male,1981-09-12,43,597 Cruickshank Glen,Fall River,02790,US,555-908-4925,Never Married
98b29475-c028-0a58-e08f-0cd93982a198,Augustine Robt,Robt,Bauch,999-48-9706,98b29475-c028-0a58-e08f-0cd93982a198,S99953764,X17369445X,male,1991-06-25,33,339 Durgan Course Apt 89,Gloucester,01930,US,555-186-5435,Married
9b36a690-ecfd-9c37-3a94-ca80e98a8783,Alicia Rosa,Rosa,Lemus,999-87-2088,9b36a690-ecfd-9c37-3a94-ca80e98a8783,S99955411,X56337336X,female,1992-12-01,32,278 Homenick Esplanade Unit 50,Lawrence,01840,US,555-654-4215,Married
c0f75ffb-b76b-0095-610f-c9447139659e,Alexander Francis,Francis,Douglas,999-10-7040,c0f75ffb-b76b-0095-610f-c9447139659e,S99944859,X74206062X,male,1957-12-19,67,299 Strosin Spur,Chicopee,01013,US,555-835-1531,Married
17b68fee-cc77-2984-3eb2-b7bfee062619,Anthony Ira,Ira,Schultz,999-11-3482,17b68fee-cc77-2984-3eb2-b7bfee062619,S99937397,X77149911X,male,1952-07-24,72,310 Schuster View Unit 83,Worcester,01604,US,555-986-2974,Never Married
5cb1103d-cfb4-c903-51b5-3abbca7348a7,Benjamín,Unknown,Briones,999-48-2112,5cb1103d-cfb4-c903-51b5-3abbca7348a7,S99959539,X81562877X,male,1918-10-23,106,843 Cormier Brook Suite 97,Randolph,02368,US,555-269-4508,Married
2b9f52a1-6815-837f-fad9-c254903f5aa6,Arron Milton,Milton,Jast,999-27-1299,2b9f52a1-6815-837f-fad9-c254903f5aa6,S99952954,X87960133X,male,1960-12-09,64,189 Bayer Bridge Apt 78,Longmeadow,01106,US,555-893-2766,Never Married
3df50da9-3be5-b9d0-a176-d5c604bfa780,Ashely Emelia,Emelia,Weissnat,999-51-3054,3df50da9-3be5-b9d0-a176-d5c604bfa780,S99929856,X27632478X,female,1949-12-20,75,559 Gleichner Fork Apt 79,Natick,00000,US,555-946-4139,Widowed
090a43d1-a2da-9b68-4356-762974ab77c5,Alonzo Jamar,Jamar,Hirthe,999-54-7333,090a43d1-a2da-9b68-4356-762974ab77c5,S99926060,X80344914X,male,1979-02-23,45,364 Konopelski Highlands Unit 24,Blackstone,00000,US,555-690-9623,Married
0cf2469e-d7b4-bb8e-eb2f-bb9bb9f296bb,Art,Unknown,Wehner,999-94-3785,0cf2469e-d7b4-bb8e-eb2f-bb9bb9f296bb,S99925515,X46528448X,male,1966-12-02,58,283 Schowalter Gateway,New Bedford,02740,US,555-651-9958,Divorced
316dc774-ca5c-c391-81a5-4dcbd577e211,Aurelia,Unknown,Monahan,999-39-9640,316dc774-ca5c-c391-81a5-4dcbd577e211,S99935950,X83142228X,female,1957-02-02,67,530 Walsh Harbor Unit 48,Dracut,00000,US,555-515-2356,Never Married
8574d506-b8e9-9e27-e2a5-db0b5d50712f,Bettina,Unknown,Leuschke,999-78-2013,8574d506-b8e9-9e27-e2a5-db0b5d50712f,S99998740,X42204910X,female,1967-08-14,57,1040 Mertz Branch Unit 41,West Concord,00000,US,555-986-6982,Widowed
6b3b45e9-ece5-2a5b-8cdc-dda82d814f9b,Apryl,Unknown,Morissette,999-70-9455,6b3b45e9-ece5-2a5b-8cdc-dda82d814f9b,S99911435,X52777995X,female,1959-07-18,65,312 Fritsch Fort,Belmont,02138,US,555-956-3119,Married
3a46995f-0d6d-db33-42b9-1582414dffef,Alvin Kristofer,Kristofer,Rempel,999-42-2928,3a46995f-0d6d-db33-42b9-1582414dffef,Unknown,Unknown,male,2013-08-01,11,1051 Bergnaum Ramp,Hopkinton,01748,US,555-443-9095,Never Married
8358e275-a599-57ea-e683-b550190e872e,Ambrose Darren,Darren,Leffler,999-32-1184,8358e275-a599-57ea-e683-b550190e872e,Unknown,Unknown,male,2017-07-29,7,340 O'Reilly Ferry,Montague,00000,US,555-636-5789,Never Married
7b2250a4-6962-94df-a37c-503ed823c14f,Alise Lavada,Lavada,Streich,999-40-5836,7b2250a4-6962-94df-a37c-503ed823c14f,Unknown,Unknown,female,2017-04-02,7,669 Howell Wynd,Malden,02155,US,555-289-3132,Never Married
a4e261f7-a5d9-b90a-202a-f5960ecebc72,Antonia Susana,Susana,Batista,999-68-4599,a4e261f7-a5d9-b90a-202a-f5960ecebc72,S99921541,X32337450X,female,1968-06-18,56,491 Turcotte Trafficway Suite 77,Boston,02108,US,555-439-9036,Divorced
57d67608-3fed-2fd2-60db-97271395b21a,Arnold Vernon,Vernon,Denesik,999-59-1970,57d67608-3fed-2fd2-60db-97271395b21a,Unknown,Unknown,male,2011-06-27,13,1052 Goyette Union,Randolph,02368,US,555-430-2592,Never Married
f7b77d94-6a0e-292a-5a0d-c5ee2392b094,Alejandro Santiago,Santiago,Alvarez,999-67-1746,f7b77d94-6a0e-292a-5a0d-c5ee2392b094,S99982069,X44846392X,male,1918-10-23,106,392 Halvorson Rest,Randolph,02368,US,555-577-4274,Married
1fea71f0-e849-703b-1ca4-284c3f20e3af,Aron Anthony,Anthony,Skiles,999-24-9362,1fea71f0-e849-703b-1ca4-284c3f20e3af,Unknown,Unknown,male,2010-10-15,14,179 Monahan Path,Framingham,01702,US,555-441-5130,Never Married
63a7dc6b-174c-af4f-9d42-3b96fff82bc5,Alberto Gustavo,Gustavo,Lira,999-17-4030,63a7dc6b-174c-af4f-9d42-3b96fff82bc5,S99980296,X5771065X,male,2003-02-06,21,1065 Emmerich Mission Unit 44,Worcester,01583,US,555-712-6636,Never Married
cc5e0dcf-412c-26bd-cbf6-8bd53d673a0e,Ann Pinkie,Pinkie,Bins,999-39-7082,cc5e0dcf-412c-26bd-cbf6-8bd53d673a0e,Unknown,Unknown,female,2024-02-09,0,726 Berge Terrace,Northbridge,00000,US,555-262-4992,Never Married
b3750f53-4026-1d12-194a-4f50ba70b63e,Basil Titus,Titus,Vandervort,999-36-8475,b3750f53-4026-1d12-194a-4f50ba70b63e,S99979751,X78474874X,male,1926-04-16,98,1076 Schuppe Village,Falmouth,02540,US,555-863-3663,Widowed
b8926499-3eeb-74cd-235a-c0eadc67a1b0,Annmarie Branda,Branda,Stoltenberg,999-70-8516,b8926499-3eeb-74cd-235a-c0eadc67a1b0,S99966893,X52739438X,female,1959-05-31,65,994 Pagac Tunnel Unit 58,Boston,02114,US,555-121-5462,Never Married
39fead11-fa20-901c-9cc3-9ebc034273b0,Berna,Unknown,Weimann,999-85-9970,39fead11-fa20-901c-9cc3-9ebc034273b0,S99928937,X66235016X,female,1969-11-05,55,339 Leuschke Road,Belmont,02138,US,555-867-3198,Married
ce1a9697-c4b7-1215-802a-041e8b418df9,Alejandrina Clarine,Clarine,Quigley,999-25-7887,ce1a9697-c4b7-1215-802a-041e8b418df9,S99971491,X79759970X,female,2001-06-04,23,316 Skiles Arcade Unit 56,Chelsea,02151,US,555-342-5254,Never Married
fa094489-093c-f542-93e5-3922089a3df5,Asa Desmond,Desmond,Streich,999-53-8874,fa094489-093c-f542-93e5-3922089a3df5,S99911959,X80038801X,male,1943-08-19,81,472 Stiedemann Trafficway,Quincy,02186,US,555-696-7721,Married
17213fbe-643f-164c-1166-807a6490fab4,Annice Desirae,Desirae,Rath,999-54-7745,17213fbe-643f-164c-1166-807a6490fab4,S99977386,X39152772X,female,1942-04-26,82,496 Bernier Bridge Apt 36,Harwich,00000,US,555-191-3176,Divorced
b40b724a-0966-47a6-9d92-39d8788f7ac1,Adrienne Vernie,Vernie,DuBuque,999-88-5998,b40b724a-0966-47a6-9d92-39d8788f7ac1,S99942099,X39156801X,female,1945-04-19,79,440 Witting Grove,Needham,02494,US,555-150-6062,Married
0c49fcaa-6f36-8cff-0466-98a76b2b4eec,Adriana,Unknown,Kshlerin,999-89-2199,0c49fcaa-6f36-8cff-0466-98a76b2b4eec,S99989629,X70438415X,female,1973-04-14,51,245 Kreiger Run,Mashpee,00000,US,555-147-3893,Married
ad634079-c15f-8a99-31a5-f9427a1889a4,Barry Ian,Ian,Balistreri,999-75-1480,ad634079-c15f-8a99-31a5-f9427a1889a4,S99995159,X26750728X,male,1981-05-01,43,659 Purdy Vista Unit 65,Leominster,01453,US,555-712-5732,Never Married
cb6aa4b9-3c6e-5866-62dc-1e2ffd02f94d,Arnulfo Deangelo,Deangelo,Langworth,999-32-7828,cb6aa4b9-3c6e-5866-62dc-1e2ffd02f94d,S99945782,X34733033X,male,1915-07-10,109,567 Wehner Bridge Unit 56,Lynn,01905,US,555-408-6695,Married
181934dc-8de9-4007-f10f-986b3e69ec32,Aleisha,Unknown,VonRueden,999-14-9137,181934dc-8de9-4007-f10f-986b3e69ec32,S99918930,X78337508X,female,1985-01-07,39,172 Runolfsson Parade Suite 46,Pembroke,00000,US,555-628-2377,Married
6d05b3fa-f282-e860-5b11-daf230d509c0,Allan Clyde,Clyde,Pouros,999-61-2022,6d05b3fa-f282-e860-5b11-daf230d509c0,S99980373,X8691258X,male,1936-01-07,88,559 Ebert Way Suite 96,Falmouth,02540,US,555-268-1977,Divorced
0a6f874f-5196-ce20-415e-f40972300213,Bart Wilmer,Wilmer,Marvin,999-64-2476,0a6f874f-5196-ce20-415e-f40972300213,S99945382,X51718251X,male,1989-12-18,35,607 Senger Crossing,Nantucket,02554,US,555-269-2199,Married
a3850b0a-d3ce-678b-902c-32e1702f92d0,Alexander Jasmin,Jasmin,Erdman,999-89-4422,a3850b0a-d3ce-678b-902c-32e1702f92d0,S99969057,X52207276X,female,1990-09-07,34,661 Klein Dale,Pittsfield,01201,US,555-250-1377,Married
b4191ec9-5bde-4eec-8a4b-0cb0410d8399,Alissa Chanel,Chanel,Kuhn,999-48-3594,b4191ec9-5bde-4eec-8a4b-0cb0410d8399,S99920553,X32822991X,female,1980-07-23,44,391 Boyle Overpass,Chicopee,01020,US,555-973-2463,Divorced
f4694e43-0e99-8ea0-93ca-0e41d0431345,Arden Dwight,Dwight,Schoen,999-31-2815,f4694e43-0e99-8ea0-93ca-0e41d0431345,Unknown,Unknown,male,2012-06-07,12,134 Swift Quay Suite 6,Duxbury,02332,US,555-345-4581,Never Married
2a76c0e3-1e73-2109-3d5e-8a8871fe35d7,Aaron Leandro,Leandro,Grimes,999-20-5991,2a76c0e3-1e73-2109-3d5e-8a8871fe35d7,S99929629,X57756580X,male,1956-09-21,68,1070 Stroman Annex,Randolph,02368,US,555-798-1797,Divorced
dcbc12e2-af4e-6934-88a8-07788b0d9ce0,Andy Olen,Olen,Rolfson,999-91-8075,dcbc12e2-af4e-6934-88a8-07788b0d9ce0,S99996084,X44660478X,male,1958-08-17,66,271 Hartmann Divide,Braintree,02184,US,555-674-1668,Never Married
69cfd4b1-c8d3-a395-7aea-cfddf136a45a,Audrey Latarsha,Latarsha,Mohr,999-67-6122,69cfd4b1-c8d3-a395-7aea-cfddf136a45a,S99988817,X39244753X,female,1951-04-18,73,640 Sauer Lock Apt 93,Cambridge,02142,US,555-389-5700,Widowed
2add8cb0-9ec4-15de-4e5b-e812509a5068,Barbara Leonor,Leonor,Bañuelos,999-59-2264,2add8cb0-9ec4-15de-4e5b-e812509a5068,S99965883,X36105228X,female,1969-12-16,55,434 Wisozk Road,Gardner,01440,US,555-403-6377,Never Married
392c3390-e26c-1e4f-0805-3cbfe50536b8,Ana María María Luisa,María Luisa,Gallardo,999-11-8136,392c3390-e26c-1e4f-0805-3cbfe50536b8,S99990219,X72782410X,female,2001-10-31,23,686 Dare Loaf,North Andover,00000,US,555-316-7249,Never Married
df99888c-bfe7-bbe0-a5bd-c2c65ebbc5f0,Bee Pattie,Pattie,Pfannerstill,999-49-4039,df99888c-bfe7-bbe0-a5bd-c2c65ebbc5f0,S99952034,Unknown,female,2007-12-21,17,571 Considine Knoll,Malden,02148,US,555-932-8622,Never Married
699c2f48-dd7a-197d-b40a-3cb88c6826ff,Abraham Raleigh,Raleigh,Reynolds,999-65-8911,699c2f48-dd7a-197d-b40a-3cb88c6826ff,S99922627,X14739764X,male,1953-09-28,71,1016 Hintz Well Apt 77,Agawam,01030,US,555-158-4506,Married
03739c7b-f301-72ac-95f7-bbfadd9b7fc0,Amy Sonja,Sonja,Von,999-80-4708,03739c7b-f301-72ac-95f7-bbfadd9b7fc0,S99997122,X55727500X,female,1976-11-23,48,880 Becker Port,Winchester,01890,US,555-942-8424,Never Married
b80e6a97-06ad-26f1-8a22-8c9b8f979cdf,Alejandro Pasquale,Pasquale,Harber,999-36-8796,b80e6a97-06ad-26f1-8a22-8c9b8f979cdf,S99911426,X71475229X,male,1945-02-11,79,558 Balistreri Branch Suite 46,Boxford,01921,US,555-299-8502,Never Married
2f455cf4-be82-4361-a433-2550dce67539,Antonia Leonor,Leonor,Armenta,999-43-6179,2f455cf4-be82-4361-a433-2550dce67539,S99913960,Unknown,female,2006-05-17,18,476 Goodwin Fork,Salem,01907,US,555-400-1810,Never Married
d6552760-be62-7e8d-edf0-954bc7b1cb07,Angila Tony,Tony,Rippin,999-31-9949,d6552760-be62-7e8d-edf0-954bc7b1cb07,S99924637,X36311745X,female,1961-12-09,63,695 Bayer Wynd Unit 97,Woburn,01890,US,555-863-2976,Divorced
e1023705-8bfa-838d-05e3-2616cc2ad182,Arica Emelia,Emelia,Stracke,999-92-6964,e1023705-8bfa-838d-05e3-2616cc2ad182,S99999002,X12366990X,female,1998-05-08,26,122 Marvin Ramp Apt 11,Malden,02148,US,555-989-2581,Never Married
44aee4e9-a855-80e9-0e6a-aa22faf30946,Avery George,George,Corkery,999-67-3686,44aee4e9-a855-80e9-0e6a-aa22faf30946,S99961696,X19156253X,male,1969-06-17,55,469 Torp Overpass Unit 29,Melrose,02176,US,555-497-7898,Widowed
6c6d3524-5a22-924a-d01b-c27945f94395,Allan Sammie,Sammie,D'Amore,999-20-1638,6c6d3524-5a22-924a-d01b-c27945f94395,S99964389,X64418657X,male,1960-06-06,64,179 Braun Fork Suite 9,Amherst,00000,US,555-455-2543,Married
c16b9aea-2b5f-3866-22a1-01dea645c9e1,Ali,Unknown,Klocko,999-77-3776,c16b9aea-2b5f-3866-22a1-01dea645c9e1,S99978515,X21877019X,male,1991-05-07,33,400 O'Hara Park Apt 11,Tewksbury,00000,US,555-999-2147,Married
4e548ddb-2c8b-83d2-8c62-1bb356e4cbf4,Annette Virgil,Virgil,Boyle,999-63-4859,4e548ddb-2c8b-83d2-8c62-1bb356e4cbf4,S99986887,X61181595X,female,1995-06-28,29,187 Kuhlman Pathway,Boston,02467,US,555-801-5877,Married
5bb262b8-6ab9-c3d6-5c84-49d6c7ef9555,Basilia Jeannine,Jeannine,Crist,999-46-1908,5bb262b8-6ab9-c3d6-5c84-49d6c7ef9555,S99985853,X72814452X,female,1995-05-05,29,616 Harris Lock Apt 90,Peabody,01960,US,555-668-3816,Married
fcbed1c8-e0b0-8d1b-c1e8-e34dc9eb68c0,Aurelia,Unknown,Bosco,999-62-6772,fcbed1c8-e0b0-8d1b-c1e8-e34dc9eb68c0,S99919196,X55478251X,female,1988-01-22,36,324 Heller Vista Suite 94,Ipswich,01938,US,555-315-1547,Married
88ae3803-d9e7-0a43-7d4e-7f215dac232b,Arlie,Unknown,Rosenbaum,999-56-6848,88ae3803-d9e7-0a43-7d4e-7f215dac232b,S99972626,X88054533X,male,1993-02-19,31,823 Yundt Port,Haverhill,01835,US,555-884-2599,Married
c7136557-8f96-7c9b-edff-75829a5c3ec3,Beaulah Daisey,Daisey,Zemlak,999-56-5740,c7136557-8f96-7c9b-edff-75829a5c3ec3,Unknown,Unknown,female,2013-01-07,11,268 Feeney Stravenue,Stoughton,00000,US,555-513-5360,Never Married
e126d858-770b-0d8a-271a-5304512d491b,Barton Carrol,Carrol,Rau,999-50-6250,e126d858-770b-0d8a-271a-5304512d491b,S99924515,X54357070X,male,1967-11-06,57,123 Wisoky Flat Unit 38,Milton,02186,US,555-980-9028,Married
7e3c1399-d084-0e4c-35de-b34606790508,Arnulfo Dean,Dean,Denesik,999-51-4692,7e3c1399-d084-0e4c-35de-b34606790508,S99910940,X3949978X,male,1952-01-05,72,530 Wuckert Gate Suite 17,North Westport,00000,US,555-269-5227,Married
6872def5-772f-427c-3053-de6e1c71ce0a,Alfred Andres,Andres,West,999-96-6821,6872def5-772f-427c-3053-de6e1c71ce0a,S99933974,X80316847X,male,1954-09-27,70,1037 Stehr Park,Belmont,02138,US,555-932-1130,Married
b00823c6-6df8-491d-5898-7dbca685293f,Adah Lavina,Lavina,Dooley,999-22-2714,b00823c6-6df8-491d-5898-7dbca685293f,S99918043,X49277468X,female,1956-01-21,68,269 MacGyver Park,Millis,00000,US,555-368-7916,Divorced
9dc1a078-0447-75bd-bcb3-e7923df6d5ad,Adell Sage,Sage,Stracke,999-61-7816,9dc1a078-0447-75bd-bcb3-e7923df6d5ad,Unknown,Unknown,female,2010-04-12,14,485 Franecki Extension Unit 56,Rochester,00000,US,555-140-6447,Never Married
88c5fa64-84e0-84fe-06e7-c51e10bcf68a,Aida Dorotha,Dorotha,Reinger,999-45-2230,88c5fa64-84e0-84fe-06e7-c51e10bcf68a,S99925339,X48552842X,female,1969-10-20,55,349 Stark Divide Suite 80,Danvers,01937,US,555-326-1451,Married
167fbecf-254d-79ba-1db6-729b27cc95dc,Archie Donovan,Donovan,Satterfield,999-70-1214,167fbecf-254d-79ba-1db6-729b27cc95dc,S99987873,X54370516X,male,1972-02-17,52,152 Hermiston Lodge Unit 11,Ocean Grove,00000,US,555-686-5579,Married
ca662dae-6397-5034-0f86-87fd7e0a7182,Ardelle Danyel,Danyel,Collins,999-72-4404,ca662dae-6397-5034-0f86-87fd7e0a7182,S99922201,X75851869X,female,1974-12-07,50,444 Hoeger Harbor,Chicopee,01020,US,555-128-5427,Married
2839f0e0-b830-0236-ac0c-d5d768568c5c,Bert,Unknown,Kilback,999-21-9574,2839f0e0-b830-0236-ac0c-d5d768568c5c,S99974836,X18238887X,male,2004-01-04,20,451 McClure Row Suite 70,Tewksbury,00000,US,555-144-7653,Never Married
f59ae636-195f-7743-a3c9-d0ef029dc9e3,Adelaida Jazmine,Jazmine,Roberts,999-26-4938,f59ae636-195f-7743-a3c9-d0ef029dc9e3,S99993559,X73859338X,female,1993-05-08,31,281 Huels Viaduct,Acushnet,00000,US,555-442-5118,Married
804eef90-ddec-8b39-57bb-d54cb77f65b7,Anneliese Kasi,Kasi,Lebsack,999-88-8967,804eef90-ddec-8b39-57bb-d54cb77f65b7,Unknown,Unknown,female,2013-12-30,11,920 Terry Vista,Ashland,00000,US,555-324-6482,Never Married
4ce5f37c-da93-803e-fba7-fae5c458be86,Altha,Unknown,Harris,999-40-2366,4ce5f37c-da93-803e-fba7-fae5c458be86,S99929926,X70539826X,female,2002-05-18,22,157 Hilll Annex,Quincy,02169,US,555-318-1725,Never Married
b5b5d8d6-7003-ff1f-881d-5b6e696297a5,Alonso Elijah,Elijah,Beer,999-53-8112,b5b5d8d6-7003-ff1f-881d-5b6e696297a5,S99923677,X450117X,male,1996-06-29,28,737 Pfeffer Trail Unit 50,Revere,02151,US,555-713-9645,Married
8f48bcc9-693d-5a6e-2ed2-1bc7f7251579,Alecia Reina,Reina,Crist,999-59-9732,8f48bcc9-693d-5a6e-2ed2-1bc7f7251579,S99955852,X48610491X,female,1958-09-19,66,391 Friesen Burg,Brockton,02351,US,555-638-5207,Divorced
12686b8b-4889-a6b8-0df5-2a8655c6f671,Alvin Eduardo,Eduardo,Ebert,999-61-2683,12686b8b-4889-a6b8-0df5-2a8655c6f671,S99989481,X24496839X,male,1980-02-11,44,171 Robel Arcade,Holyoke,01040,US,555-490-6441,Married
81df277c-1323-7454-6427-b7c9640fc052,Abel Dominick,Dominick,Howe,999-39-4442,81df277c-1323-7454-6427-b7c9640fc052,S99939652,X87219455X,male,1965-10-15,59,599 Gaylord Center Apt 73,Yarmouth,00000,US,555-341-9622,Widowed
b9c319c3-5a7d-69a7-ba09-368625f2bb88,Barry Austin,Austin,Langworth,999-89-1049,b9c319c3-5a7d-69a7-ba09-368625f2bb88,S99936937,X87410542X,male,2000-03-14,24,677 Kihn Ville Unit 43,Fall River,02724,US,555-399-9128,Never Married
dac2c29e-8333-0963-289a-630cf2d3289e,Annabel Tonia,Tonia,Parker,999-60-5548,dac2c29e-8333-0963-289a-630cf2d3289e,S99981230,X13369263X,female,1970-10-06,54,867 Fisher Knoll,Mashpee,00000,US,555-270-4301,Married
3e6584cd-5e14-f543-963f-073b57978742,Alicia Raquel,Raquel,Gaona,999-36-8533,3e6584cd-5e14-f543-963f-073b57978742,S99923588,X57432838X,female,1976-05-23,48,231 Powlowski Lodge,Beverly,01915,US,555-182-5787,Divorced
29be9031-4319-e6bd-afa6-8cff1679a09d,Augustine Ramiro,Ramiro,Sawayn,999-32-6199,29be9031-4319-e6bd-afa6-8cff1679a09d,S99992164,X73543590X,male,1987-10-01,37,1077 Fadel Center Suite 52,Boston,02121,US,555-164-8464,Married
c650e89b-7b74-8d03-961e-ee2b64e2ea51,Ami Jane,Jane,Bernier,999-44-9205,c650e89b-7b74-8d03-961e-ee2b64e2ea51,S99913914,X68573638X,female,1991-03-13,33,153 O'Reilly Approach Apt 72,Quincy,02171,US,555-392-1464,Married
99249ff1-59a9-dc6e-c152-4ca393cd57c5,Azucena Juliana,Juliana,Zulauf,999-22-2990,99249ff1-59a9-dc6e-c152-4ca393cd57c5,S99999273,X23770357X,female,2000-10-20,24,530 Watsica Trafficway Suite 89,Bridgewater,02324,US,555-344-5833,Never Married
260c19df-efea-a275-9b07-26ff4a7aefa2,Arletha Joane,Joane,Romaguera,999-29-3648,260c19df-efea-a275-9b07-26ff4a7aefa2,S99914872,X11396236X,female,1943-03-04,81,168 Murazik Grove Suite 50,Newton,02461,US,555-975-7746,Married
d172514a-6703-7f8e-b76d-a9ddc6e49a5b,Adolfo,Unknown,Jaskolski,999-24-9427,d172514a-6703-7f8e-b76d-a9ddc6e49a5b,S99990135,X42384556X,male,2002-05-21,22,327 Jerde Common Suite 22,Westfield,01086,US,555-149-9272,Never Married
563a5786-48d1-26b7-becf-df486edcec8d,Antonio Diego,Diego,Cavazos,999-99-2317,563a5786-48d1-26b7-becf-df486edcec8d,S99966666,X15951357X,male,1980-04-28,44,910 Schumm Track,Boston,02152,US,555-524-7307,Married
1e68f844-7d27-2169-b0b0-f7a98c4271b0,Annmarie Emiko,Emiko,Mayer,999-31-7707,1e68f844-7d27-2169-b0b0-f7a98c4271b0,S99956666,X79910832X,female,1957-01-28,67,154 Altenwerth Grove Unit 5,Woburn,01801,US,555-393-2246,Married
a91fc8da-be8a-78e6-a950-4bb4235499c6,Arthur Alton,Alton,Nitzsche,999-95-6176,a91fc8da-be8a-78e6-a950-4bb4235499c6,S99974514,X47985500X,male,1980-05-18,44,656 Jenkins Quay Apt 84,Ashland,00000,US,555-219-7544,Married
3dada025-799c-e754-edbd-8e8a6c3f93a6,Arthur,Unknown,Hills,999-90-1940,3dada025-799c-e754-edbd-8e8a6c3f93a6,Unknown,Unknown,male,2024-07-14,0,392 Kulas Street,South Yarmouth,02664,US,555-504-1555,Never Married
c64c64d7-f835-9cb6-4db2-3d66f212edfb,Benito Daniel,Daniel,Baca,999-85-9666,c64c64d7-f835-9cb6-4db2-3d66f212edfb,S99969344,X84183246X,male,1955-06-21,69,502 Howe Ferry,Boston,02114,US,555-467-5545,Widowed
93f1c845-7fa4-0fcd-1ff0-a055316c2320,Angelita Hermelinda,Hermelinda,Ruecker,999-55-8149,93f1c845-7fa4-0fcd-1ff0-a055316c2320,S99924866,X65416286X,female,1943-12-06,81,233 Bogisich Throughway,Bridgewater,02324,US,555-252-3021,Widowed
c6eee35d-f187-b5a1-1b84-092de92ead30,Arlen Floyd,Floyd,Monahan,999-54-8670,c6eee35d-f187-b5a1-1b84-092de92ead30,S99998692,X59084167X,male,1953-11-23,71,815 DuBuque Skyway Suite 67,Millbury,00000,US,555-285-2139,Never Married
32c9951c-7e30-de8f-ad34-1f4960b0f3c2,Aubrey,Unknown,Blick,999-35-1653,32c9951c-7e30-de8f-ad34-1f4960b0f3c2,Unknown,Unknown,male,2013-11-12,11,225 Kovacek Bridge Apt 59,Monroe,00000,US,555-745-6181,Never Married
f8e1d06c-32a9-c265-0730-fa4649680942,Bethany Hildegard,Hildegard,Reinger,999-76-5088,f8e1d06c-32a9-c265-0730-fa4649680942,Unknown,Unknown,female,1966-05-16,58,777 Ritchie Green Apt 61,Sandwich,02563,US,555-638-1373,Never Married
1a015d2b-80ba-978c-ec82-2b3843261ece,Annette Ione,Ione,Waters,999-73-3350,1a015d2b-80ba-978c-ec82-2b3843261ece,S99956897,X9443238X,female,1988-09-08,36,1001 Ondricka Bay Unit 4,Franklin,02038,US,555-707-9668,Married
0a974806-9a20-50dd-aebb-527843cdee8b,Aracely,Unknown,Sporer,999-16-1777,0a974806-9a20-50dd-aebb-527843cdee8b,S99932378,X69194499X,female,1951-04-18,73,180 Jacobson Grove,Cambridge,02142,US,555-700-3364,Married
28d7b56c-6056-d0a2-2991-39d6e917216c,Angela Bella,Bella,Tillman,999-31-6091,28d7b56c-6056-d0a2-2991-39d6e917216c,S99958024,X7606394X,female,1944-08-14,80,677 Bosco Extension,South Yarmouth,02664,US,555-387-7632,Married
fb2cee1f-1663-9ad8-7412-7713bf20b366,Benton Saul,Saul,Turcotte,999-91-8097,fb2cee1f-1663-9ad8-7412-7713bf20b366,Unknown,Unknown,male,2017-06-27,7,877 Shanahan Rapid,Belchertown,01007,US,555-516-5253,Never Married
810db646-356a-3a1d-06d1-91f226a94162,Amanda,Unknown,Moore,999-15-1123,810db646-356a-3a1d-06d1-91f226a94162,S99936242,X13827328X,female,1946-01-12,78,260 Schumm Throughway Suite 33,Billerica,00000,US,555-567-8766,Widowed
